{
    "Modules": {
        "CPU_top_tb": {
            "start_perf": [
                0.09752202033996582,
                0.060134,
                0.042433999999999999,
                277344,
                289196,
                1688367621.3454189,
                777692007410865
            ],
            "child_modules": {},
            "Compiled": "Yes",
            "nMops": 6692,
            "Compiled Times": 3,
            "significant_routs": [
                [
                    66,
                    "X_VCSgd_Jp7iU_0_0",
                    1312982,
                    336,
                    53
                ],
                [
                    76,
                    "R_VCSgd_Jp7iU_4c",
                    4948952,
                    6532,
                    862
                ],
                [
                    80,
                    "R_VCSgd_Jp7iU_50",
                    1293452,
                    711,
                    75
                ],
                [
                    83,
                    "R_VCSgd_Jp7iU_53",
                    1311292,
                    1986,
                    255
                ],
                [
                    85,
                    "R_VCSgd_Jp7iU_55",
                    1053704,
                    1565,
                    129
                ],
                [
                    87,
                    "R_VCSgd_Jp7iU_57",
                    1341542,
                    1507,
                    169
                ],
                [
                    111,
                    "R_VCSgd_Jp7iU_6f",
                    1200044,
                    1929,
                    172
                ],
                [
                    137,
                    "R_VCSgd_Jp7iU_89",
                    1923822,
                    2912,
                    462
                ],
                [
                    138,
                    "R_VCSgd_Jp7iU_8a",
                    1429846,
                    2183,
                    342
                ],
                [
                    220,
                    "R_VCSgd_Jp7iU_dc",
                    1285950,
                    2301,
                    167
                ],
                [
                    221,
                    "R_VCSgd_Jp7iU_dd",
                    972732,
                    1027,
                    140
                ]
            ],
            "end_perf": [
                0.12665700912475586,
                0.087459999999999996,
                0.044221000000000003,
                282672,
                289196,
                777692074583423,
                64424509441,
                0
            ],
            "nQuads": 2434,
            "nRouts": 227
        },
        "...MASTER...": {
            "start_perf": [
                0.089106082916259766,
                0.05781,
                0.039024000000000003,
                275924,
                289196,
                1688367621.337003,
                777691988019615
            ],
            "child_modules": {
                "std": 1,
                "CPU_top_tb": 1
            },
            "nQuads": 0,
            "end_perf": [
                0.09452509880065918,
                0.05781,
                0.041759999999999999,
                277328,
                289196,
                777692000532301,
                0,
                0
            ],
            "nMops": 0,
            "nRouts": 5
        },
        "std": {
            "svclass": [
                "$vcs_nba_dyn_obj",
                0,
                35,
                2,
                2,
                0,
                "sigprop$$",
                0,
                35,
                2,
                2,
                0,
                "process",
                0,
                200,
                8,
                8,
                0,
                "event",
                0,
                34,
                2,
                2,
                0,
                "mailbox",
                0,
                140,
                9,
                9,
                0,
                "semaphore",
                0,
                84,
                5,
                5,
                0
            ],
            "start_perf": [
                0.094611167907714844,
                0.05781,
                0.041846000000000001,
                277328,
                289196,
                1688367621.3425081,
                777692000701437
            ],
            "child_modules": {},
            "Compiled": "Yes",
            "nMops": 528,
            "Compiled Times": 3,
            "end_perf": [
                0.097478151321411133,
                0.060134,
                0.042389000000000003,
                277344,
                289196,
                777692007347463,
                8589934594,
                0
            ],
            "nQuads": 218,
            "nRouts": 33
        }
    },
    "CompUnits": {
        "Jp7iU_d": {
            "mod": "CPU_top_tb",
            "text": 54220,
            "out": "Jp7iU_d.o",
            "mode": 4,
            "bytes": 87242,
            "checksum": 0,
            "archive": "archive.2/_101981_archive_1.a"
        }
    },
    "stat": {
        "ru_self_end": {
            "ru_nvcsw": 21,
            "ru_utime_sec": 0.090721999999999997,
            "ru_minflt": 28276,
            "ru_maxrss_kb": 82912,
            "ru_stime_sec": 0.045360999999999999,
            "ru_majflt": 0,
            "ru_nivcsw": 10
        },
        "ru_childs_end": {
            "ru_nvcsw": 18,
            "ru_utime_sec": 0.012758,
            "ru_minflt": 6899,
            "ru_maxrss_kb": 23132,
            "ru_stime_sec": 0.013461000000000001,
            "ru_majflt": 0,
            "ru_nivcsw": 8
        },
        "cpu_cycles_end": 777692084683307,
        "peak_mem_kb": 289196
    },
    "ObjArchives": [
        {
            "objects": [
                [
                    "Jp7iU_d.o",
                    87242
                ],
                [
                    "amcQwB.o",
                    117312
                ]
            ],
            "archive": "archive.2/_101981_archive_1.a",
            "size": 204554
        }
    ],
    "reusePaths": {
        "reYIK_d": {
            "icPath": "csrc"
        },
        "amcQw_d": {
            "icPath": "csrc"
        }
    }
}