{
    "Modules": {
        "...MASTER...": {
            "nMops": 0,
            "start_perf": [
                0.081295013427734375,
                0.055162000000000003,
                0.034099999999999998,
                275792,
                289180,
                1688063296.4181621,
                76526573339440
            ],
            "child_modules": {
                "std": 1,
                "CPU_top_tb": 1
            },
            "end_perf": [
                0.086638927459716797,
                0.056793999999999997,
                0.034874000000000002,
                277324,
                289180,
                76526585684113,
                0,
                0
            ],
            "nQuads": 0,
            "nRouts": 5
        },
        "std": {
            "start_perf": [
                0.086712837219238281,
                0.056840000000000002,
                0.034902000000000002,
                277324,
                289180,
                1688063296.4235799,
                76526585820403
            ],
            "nMops": 528,
            "child_modules": {},
            "Compiled": "Yes",
            "Compiled Times": 4,
            "end_perf": [
                0.089352846145629883,
                0.059239,
                0.035142,
                277340,
                289180,
                76526591927687,
                8589934594,
                0
            ],
            "svclass": [
                "$vcs_nba_dyn_obj",
                0,
                35,
                2,
                2,
                0,
                "sigprop$$",
                0,
                35,
                2,
                2,
                0,
                "process",
                0,
                200,
                8,
                8,
                0,
                "event",
                0,
                34,
                2,
                2,
                0,
                "mailbox",
                0,
                140,
                9,
                9,
                0,
                "semaphore",
                0,
                84,
                5,
                5,
                0
            ],
            "nQuads": 218,
            "nRouts": 33
        },
        "CPU_top_tb": {
            "start_perf": [
                0.089392900466918945,
                0.059264999999999998,
                0.035157000000000001,
                277340,
                289180,
                1688063296.42626,
                76526591992435
            ],
            "nMops": 6446,
            "child_modules": {},
            "Compiled": "Yes",
            "Compiled Times": 4,
            "significant_routs": [
                [
                    66,
                    "X_VCSgd_Jp7iU_0_0",
                    1137574,
                    336,
                    53
                ],
                [
                    76,
                    "R_VCSgd_Jp7iU_4c",
                    6130666,
                    8304,
                    1074
                ],
                [
                    78,
                    "R_VCSgd_Jp7iU_4e",
                    847382,
                    711,
                    75
                ],
                [
                    83,
                    "R_VCSgd_Jp7iU_53",
                    1209892,
                    1986,
                    255
                ],
                [
                    85,
                    "R_VCSgd_Jp7iU_55",
                    1225342,
                    1565,
                    129
                ],
                [
                    87,
                    "R_VCSgd_Jp7iU_57",
                    1682790,
                    1507,
                    169
                ],
                [
                    107,
                    "R_VCSgd_Jp7iU_6b",
                    1181704,
                    1880,
                    166
                ],
                [
                    113,
                    "R_VCSgd_Jp7iU_71",
                    798194,
                    692,
                    101
                ],
                [
                    137,
                    "R_VCSgd_Jp7iU_89",
                    913058,
                    1050,
                    168
                ],
                [
                    138,
                    "R_VCSgd_Jp7iU_8a",
                    1787080,
                    2484,
                    416
                ],
                [
                    215,
                    "R_VCSgd_Jp7iU_d7",
                    1285898,
                    2276,
                    167
                ],
                [
                    216,
                    "R_VCSgd_Jp7iU_d8",
                    899322,
                    1027,
                    140
                ]
            ],
            "end_perf": [
                0.11776900291442871,
                0.083846000000000004,
                0.038927999999999997,
                282076,
                289180,
                76526657420279,
                64424509441,
                0
            ],
            "nQuads": 2385,
            "nRouts": 222
        }
    },
    "stat": {
        "ru_childs_end": {
            "ru_utime_sec": 0.0098080000000000007,
            "ru_stime_sec": 0.013475000000000001,
            "ru_maxrss_kb": 23096,
            "ru_nivcsw": 8,
            "ru_minflt": 6900,
            "ru_majflt": 0,
            "ru_nvcsw": 18
        },
        "ru_self_end": {
            "ru_utime_sec": 0.088261999999999993,
            "ru_stime_sec": 0.039146,
            "ru_maxrss_kb": 82928,
            "ru_nivcsw": 11,
            "ru_minflt": 28515,
            "ru_majflt": 0,
            "ru_nvcsw": 21
        },
        "cpu_cycles_end": 76526668033767,
        "peak_mem_kb": 289180
    },
    "CompUnits": {
        "Jp7iU_d": {
            "text": 52544,
            "mod": "CPU_top_tb",
            "out": "Jp7iU_d.o",
            "bytes": 85046,
            "mode": 4,
            "checksum": 0,
            "archive": "archive.3/_29517_archive_1.a"
        }
    },
    "reusePaths": {
        "amcQw_d": {
            "icPath": "csrc"
        },
        "reYIK_d": {
            "icPath": "csrc"
        }
    },
    "ObjArchives": [
        {
            "size": 202358,
            "archive": "archive.3/_29517_archive_1.a",
            "objects": [
                [
                    "Jp7iU_d.o",
                    85046
                ],
                [
                    "amcQwB.o",
                    117312
                ]
            ]
        }
    ]
}